gene,condition,th2_z,th1_z,hardened_pass,donor_evidence,stability_score,atlas_class,coherence,coh_z_vs_null,drug_tier,drug_class,ubiquitin_system,validity,novelty,priority
AMBRA1,Stim48hr,-2.743716736746609,-0.6325205214871394,True,robust,0.5625,novel_selective,0.211,2.65,0,unannotated,False,4.579679184186652,1.0,4.579679184186652
TAF13,Rest,-2.4471027829878715,-0.7674011545073188,True,robust,0.375,novel_selective,0.139,1.28,0,unannotated,False,4.1467756957469675,1.0,4.1467756957469675
GPATCH8,Stim48hr,-2.045359716675241,-0.4298422491348565,True,robust,0.5,novel_selective,0.072,0.01,0,unannotated,False,4.01258992916881,1.0,4.01258992916881
GPATCH8,Rest,-2.280426225702975,-0.8248044901465896,True,robust,0.375,novel_selective,0.074,0.04,0,unannotated,False,3.9501065564257436,1.0,3.9501065564257436
SLC33A1,Rest,-2.1866698877485673,-0.21031122187276205,True,robust,0.5,moderate,0.053,-0.34,3,small-molecule,False,4.046667471937142,0.5,3.9350006039528567
ARNT,Stim48hr,-3.2414184659662277,0.313464271103314,True,robust,1.0,moderate,0.076,0.09,1,TF (hard),False,4.821604616491557,0.5,3.9162034623686677
HAT1,Stim48hr,-2.3925551228255375,-0.870465541197033,True,untested,0.375,not_in_atlas,0.153,1.56,3,small-molecule,False,3.1681387807063843,0.8,3.751324902635746
DPP4,Stim8hr,-2.1199289793334515,0.01667750041986637,True,untested,0.5,not_in_atlas,0.117,0.85,3,small-molecule,False,3.136232244833363,0.8,3.722609020350027
CNDP2,Rest,-2.407988077957953,0.09795162164709041,True,untested,0.5,not_in_atlas,0.015,-1.07,3,small-molecule,False,3.101997019489488,0.8,3.6917973175405394
SLC35G1,Stim48hr,-2.009348127520867,-0.8955226113755311,True,untested,0.375,not_in_atlas,0.134,1.18,3,small-molecule,False,3.0248370318802165,0.8,3.6223533286921947
P2RY8,Stim48hr,-2.065546362728181,-0.36687317656525936,True,untested,0.5,not_in_atlas,0.052,-0.37,3,small-molecule,False,3.0163865906820453,0.8,3.6147479316138407
NIPA1,Stim48hr,-2.057915499221872,-0.6457377003150211,True,untested,0.375,not_in_atlas,0.106,0.66,3,small-molecule,False,2.971978874805468,0.8,3.5747809873249214
STK38,Rest,-2.3505631960220112,-0.9638143897821356,True,untested,0.375,not_in_atlas,0.007,-1.22,3,small-molecule,False,2.962640799005503,0.8,3.566376719104953
UBA6,Stim48hr,-2.7185340875268453,0.323488312286518,True,untested,0.75,not_in_atlas,0.283,4.03,0,unannotated,True,3.929633521881711,0.8,3.53667016969354
KDM4C,Stim48hr,-2.2090363615478714,-0.9731594160531112,True,untested,0.375,not_in_atlas,0.058,-0.25,3,small-molecule,False,2.927259090386968,0.8,3.534533181348271
CTSD,Stim8hr,-2.201895832802358,-0.931084405683619,True,untested,0.375,not_in_atlas,0.052,-0.38,3,small-molecule,False,2.9254739582005893,0.8,3.5329265623805304
ATP2C1,Rest,-2.0672964826483087,-0.9752167552199634,True,untested,0.375,not_in_atlas,0.06,-0.22,3,small-molecule,False,2.8918241206620774,0.8,3.5026417085958697
RAB21,Stim48hr,-2.528887840087418,-0.4383896356849852,True,robust,0.75,moderate,0.19,2.25,0,unannotated,False,4.663471960021854,0.5,3.4976039700163906
SAP130,Stim48hr,-2.6966136740856856,-0.7973217638152815,True,weak,0.5625,novel_selective,0.178,2.02,0,unannotated,False,3.4891534185214215,1.0,3.4891534185214215
IL32,Stim48hr,-2.041946399815426,-0.39841284797518167,True,untested,0.5,not_in_atlas,0.047,-0.47,2,surface/antibody,False,3.0104865999538566,0.8,3.309437939958471
SMIM7,Stim48hr,-2.9681391568405746,-0.606473470120058,True,robust,0.5625,moderate,0.11,0.72,0,unannotated,False,4.394534789210144,0.5,3.2959010919076075
GATA3,Rest,-3.345888327021668,0.03090518283511567,True,robust,1.0,concordant,1.0,17.65,1,TF (hard),False,5.336472081755417,0.1,3.2350596449654794
RBCK1,Stim48hr,-2.079682373974454,0.5406175450361583,True,robust,0.375,moderate,0.032,-0.75,1,TF (hard),True,3.8949205934936133,0.5,3.22119044512021
E2F3,Rest,-2.0659355643465798,-0.7393032352406984,True,untested,0.375,novel_selective,0.022,-0.95,1,TF (hard),False,2.891483891086645,1.0,3.1914838910866448
SEC24A,Stim48hr,-2.6977311136313,-0.8696687610246154,True,robust,0.5625,moderate,0.028,-0.83,0,unannotated,False,4.236932778407825,0.5,3.1776995838058686
GATA3,Stim8hr,-3.8717660085082395,-0.6536534904185922,True,robust,0.75,concordant,1.0,17.65,1,TF (hard),False,5.21794150212706,0.1,3.1698678261698827
RABEPK,Rest,-2.910096310938574,-0.8558630927976019,True,untested,0.5625,not_in_atlas,0.169,1.85,0,unannotated,False,3.5212740777346436,0.8,3.1691466699611794
SCAF1,Stim8hr,-2.6466650851943228,-0.4457825502956669,True,untested,0.75,not_in_atlas,0.107,0.67,0,unannotated,False,3.495416271298581,0.8,3.145874644168723
NDFIP2,Stim48hr,-2.480340827290894,-0.5220270846860201,True,robust,0.375,moderate,0.15,1.49,0,unannotated,True,4.181335206822723,0.5,3.1360014051170424
POU2AF1,Stim8hr,-2.3032811612062605,-0.16559374583614606,True,untested,0.5,not_in_atlas,0.073,0.03,1,TF (hard),False,3.0795702903015654,0.8,3.0716132612714087
P4HB,Stim8hr,-2.3130270700750013,0.3870068808924587,True,robust,0.5,moderate,0.059,-0.25,0,unannotated,False,4.07825676751875,0.5,3.058692575639063
MIA2,Rest,-2.2708400794838743,-0.5627756322899645,True,robust,0.375,moderate,0.117,0.87,0,unannotated,False,4.0514600198709685,0.5,3.038595014903226
DCAF7,Stim48hr,-2.2247755393451167,-0.6842277865558618,True,untested,0.375,novel_selective,0.106,0.65,0,unannotated,False,3.012443884836279,1.0,3.012443884836279
MYO9A,Stim8hr,-2.308224734317819,-0.7993434816614547,True,robust,0.375,moderate,0.093,0.4,0,unannotated,False,4.002056183579454,0.5,3.0015421376845905
SRD5A3,Rest,-2.0478963244373505,0.9824935454919677,True,robust,0.375,moderate,0.119,0.9,0,unannotated,False,3.999474081109337,0.5,2.999605560832003
ZFYVE1,Stim48hr,-2.8832157729222114,-0.9543282070674162,True,untested,0.5625,not_in_atlas,0.082,0.2,0,unannotated,False,3.3083039432305528,0.8,2.9774735489074975
BRPF1,Rest,-2.2564683079520584,0.6309586259462197,True,robust,0.375,moderate,0.074,0.05,0,unannotated,False,3.9453670769880147,0.5,2.959025307741011
PPT1,Stim8hr,-2.745535959281356,-0.7791482326979959,True,untested,0.5625,not_in_atlas,0.067,-0.09,0,unannotated,False,3.2488839898203388,0.8,2.923995590838305
TECPR1,Rest,-2.0271795938345054,0.15595585194462075,True,untested,0.5,not_in_atlas,0.169,1.85,0,unannotated,False,3.2380448984586265,0.8,2.914240408612764
USP33,Rest,-2.1041293221261173,0.4306639958921496,True,untested,0.5,not_in_atlas,0.158,1.65,0,unannotated,False,3.232282330531529,0.8,2.9090540974783763
TRIM56,Stim8hr,-2.1149904036738003,-0.28596721981711404,True,untested,0.5,not_in_atlas,0.141,1.32,0,unannotated,True,3.1937476009184502,0.8,2.8743728408266054
TGOLN2,Stim8hr,-2.125254846540074,-0.46473492014263107,True,untested,0.5,not_in_atlas,0.138,1.25,0,unannotated,False,3.1875637116350184,0.8,2.8688073404715166
ARL6IP4,Rest,-2.2325644802400015,-0.24020895078618362,True,untested,0.5,not_in_atlas,0.125,1.03,0,unannotated,False,3.1868911200600003,0.8,2.8682020080540003
TFAP4,Stim48hr,-2.6677636030210694,0.4287534990303889,True,robust,0.75,concordant,0.178,2.02,1,TF (hard),False,4.6694409007552675,0.1,2.8681924954153972
PLEKHA2,Rest,-2.427587151896545,-0.1750338485752205,True,untested,0.5,not_in_atlas,0.094,0.43,0,unannotated,False,3.1606467879741365,0.8,2.8445821091767227
RABGAP1,Rest,-2.428748749047172,-0.48524326665187967,True,untested,0.5,not_in_atlas,0.068,-0.07,0,unannotated,False,3.107187187261793,0.8,2.796468468535614
PDIA5,Rest,-2.4010337034645635,0.12000803595616802,True,untested,0.5,not_in_atlas,0.044,-0.52,0,unannotated,False,3.1002584258661408,0.8,2.790232583279527
SHPRH,Rest,-2.1978088774364988,-0.9737171571220502,True,untested,0.375,not_in_atlas,0.141,1.31,0,unannotated,False,3.0882022193591245,0.8,2.7793819974232123
TMEM200A,Stim8hr,-2.3224075121658143,-0.4402856946182662,True,untested,0.5,not_in_atlas,0.038,-0.64,0,unannotated,False,3.0806018780414535,0.8,2.772541690237308
NUDT8,Stim48hr,-2.3128015140475533,-0.4398875002696766,True,untested,0.5,not_in_atlas,0.052,-0.36,0,unannotated,False,3.0782003785118883,0.8,2.7703803406606995
CD96,Stim48hr,-2.005476808605243,-0.5299485102798366,True,untested,0.375,not_in_atlas,0.156,1.6,0,unannotated,False,3.076369202151311,0.8,2.7687322819361797
DAZAP2,Stim48hr,-2.006702738140797,-0.4058865858237239,True,untested,0.5,not_in_atlas,0.098,0.5,0,unannotated,False,3.0641756845351993,0.8,2.7577581160816793
CHI3L2,Stim48hr,-2.2056136151872257,-0.15681268039348653,True,untested,0.5,not_in_atlas,0.005,-1.27,0,unannotated,False,3.0514034037968063,0.8,2.7462630634171257
ERLIN1,Stim48hr,-2.034850638803778,-0.14701675338035414,True,untested,0.5,not_in_atlas,0.085,0.25,0,unannotated,False,3.0399626597009446,0.8,2.73596639373085
IFI16,Rest,-2.0432616951236966,-0.6962021384002341,True,untested,0.375,not_in_atlas,0.136,1.23,0,unannotated,False,3.039565423780924,0.8,2.7356088814028316
FKBP3,Stim48hr,-2.1251001575527817,-0.39736764014843406,True,untested,0.5,not_in_atlas,0.064,-0.15,0,unannotated,False,3.0312750393881953,0.8,2.728147535449376
NUDT8,Stim8hr,-2.1174585530070678,-0.4549968228571329,True,untested,0.5,not_in_atlas,0.02,-0.98,0,unannotated,False,3.029364638251767,0.8,2.7264281744265904
ARHGAP21,Stim48hr,-2.0781492065910165,0.04017388860652758,True,untested,0.5,not_in_atlas,0.022,-0.95,0,unannotated,False,3.019537301647754,0.8,2.7175835714829786
KCTD12,Stim8hr,-2.0050601259327103,-0.4577747046700638,True,untested,0.5,not_in_atlas,0.046,-0.49,0,unannotated,False,3.0012650314831775,0.8,2.7011385283348597
HNRNPAB,Rest,-2.4819915223785953,-0.799760438907525,True,untested,0.375,not_in_atlas,-0.001,-1.38,0,unannotated,False,2.995497880594649,0.8,2.6959480925351844
C21orf91,Stim8hr,-2.3245040831011763,-0.9022340111696447,True,untested,0.375,not_in_atlas,0.084,0.24,0,unannotated,False,2.986126020775294,0.8,2.6875134186977645
PSAP,Rest,-2.4194923548828178,-0.7719262473961946,True,untested,0.375,not_in_atlas,0.041,-0.58,0,unannotated,False,2.9798730887207046,0.8,2.681885779848634
OAS2,Stim48hr,-2.410907573724926,-0.69470576477211,True,untested,0.375,not_in_atlas,0.056,-0.3,0,unannotated,False,2.9777268934312318,0.8,2.6799542040881086
YAF2,Stim8hr,-2.053888246706387,-0.7805577280665065,True,untested,0.375,not_in_atlas,0.103,0.6,0,unannotated,False,2.963472061676597,0.8,2.6671248555089373
CEP131,Stim8hr,-2.0150621486214244,-0.8033617679304809,True,untested,0.375,not_in_atlas,0.107,0.67,0,unannotated,False,2.9625155371553564,0.8,2.666263983439821
BCL7A,Rest,-2.297651313227924,-0.7922854179062758,True,untested,0.375,not_in_atlas,0.059,-0.24,0,unannotated,False,2.949412828306981,0.8,2.654471545476283
AGPS,Rest,-2.27933978490129,0.5799910724426882,True,untested,0.375,not_in_atlas,0.068,-0.07,0,unannotated,False,2.9448349462253223,0.8,2.65035145160279
TM7SF3,Stim8hr,-2.2265612810923683,-0.5631244081377268,True,untested,0.375,not_in_atlas,0.058,-0.26,0,unannotated,False,2.9316403202730923,0.8,2.638476288245783
DIAPH3,Stim48hr,-2.162067744913805,-0.6648955709556088,True,untested,0.375,not_in_atlas,-0.003,-1.42,0,unannotated,False,2.9155169362284514,0.8,2.6239652426056064
DGKD,Rest,-2.1534658529189152,-0.8236243990493273,True,untested,0.375,not_in_atlas,-0.028,-1.89,0,unannotated,False,2.9133664632297287,0.8,2.622029816906756
ZSWIM6,Stim8hr,-2.1449294346305847,-0.8807376757715487,True,untested,0.375,not_in_atlas,0.046,-0.49,0,unannotated,False,2.9112323586576463,0.8,2.620109122791882
FRMD6,Stim8hr,-2.0434269502486977,-0.7999234929648406,True,untested,0.375,not_in_atlas,0.082,0.2,0,unannotated,False,2.9108567375621743,0.8,2.619771063805957
MSH2,Stim48hr,-2.0969026850761496,-0.6543997800926257,True,untested,0.375,not_in_atlas,0.076,0.08,0,unannotated,False,2.909225671269037,0.8,2.618303104142133
FNBP1,Rest,-2.1262405864210403,-0.6447024704538267,True,untested,0.375,not_in_atlas,-0.046,-2.24,0,unannotated,False,2.90656014660526,0.8,2.6159041319447343
HSF2,Stim8hr,-2.0988891605413413,-0.2973882092252695,True,untested,0.5,moderate,0.098,0.5,1,TF (hard),False,3.0872222901353354,0.5,2.6154167176015015
SCAF1,Rest,-2.1119676808223073,0.5903567856477986,True,untested,0.375,not_in_atlas,0.07,-0.02,0,unannotated,False,2.9029919202055767,0.8,2.612692728185019
SETX,Stim48hr,-2.092407491107515,-0.8488741869307196,True,untested,0.375,not_in_atlas,-0.06,-2.49,0,unannotated,False,2.898101872776879,0.8,2.608291685499191
HERPUD1,Stim8hr,-2.0028446243374516,-0.83398269459678,True,untested,0.375,not_in_atlas,0.075,0.07,0,unannotated,False,2.884461156084363,0.8,2.596015040475927
ARMC1,Rest,-2.035848643461397,-0.6010435042538913,True,untested,0.375,not_in_atlas,0.05,-0.4,0,unannotated,False,2.8839621608653494,0.8,2.5955659447788144
USP34,Rest,-2.0304387593688906,-0.8256497313950245,True,untested,0.375,not_in_atlas,-0.026,-1.85,0,unannotated,False,2.882609689842223,0.8,2.5943487208580005
THAP7,Stim48hr,-2.166198507470887,-0.3030053828841665,True,untested,0.5,moderate,0.053,-0.36,1,TF (hard),False,3.041549626867722,0.5,2.5811622201507913
IKBKB,Stim8hr,-2.116545498469835,-0.11503404279328765,True,untested,0.5,concordant,0.057,-0.28,3,small-molecule,False,3.0291363746174587,0.1,2.5660250060396024
RAB21,Rest,-2.178034214138259,-0.17715426741818585,True,untested,0.5,moderate,0.211,2.66,0,unannotated,False,3.377008553534565,0.5,2.5327564151509234
NAALADL1,Stim48hr,-2.211592923418752,-0.9215421114312572,True,untested,0.375,concordant,0.021,-0.95,3,small-molecule,False,2.927898230854688,0.1,2.5103440269700785
DNAJB9,Stim8hr,-2.9601077858621694,-0.14561268449286607,False,robust,0.75,novel_selective,0.022,-0.93,0,unannotated,False,2.4900269464655422,1.0,2.4900269464655422
ARL1,Stim48hr,-2.675417642673378,-0.41298690422321394,True,robust,0.75,concordant,0.115,0.82,0,unannotated,False,4.521354410668344,0.1,2.4867449258675896
TMEM263,Rest,-2.7578955213127996,0.6118682338490576,True,untested,0.5625,moderate,0.057,-0.27,0,unannotated,False,3.2519738803282,0.5,2.43898041024615
CBX5,Stim48hr,-2.4320053446491308,0.8759570631690875,True,robust,0.375,concordant,0.232,3.04,0,unannotated,False,4.363001336162283,0.1,2.3996507348892555
SEC23A,Stim8hr,-2.3616151877288205,-0.49621565428280967,True,untested,0.5,moderate,0.011,-1.14,0,unannotated,False,3.090403796932205,0.5,2.317802847699154
SORL1,Stim48hr,-2.08222727431192,-0.5705297290437529,True,untested,0.375,moderate,0.138,1.26,0,unannotated,False,3.0530568185779803,0.5,2.289792613933485
ANKRD11,Rest,-2.04876263848323,-0.8904879671957043,True,untested,0.375,moderate,0.102,0.58,0,unannotated,False,2.959690659620807,0.5,2.219767994715605
SSR1,Rest,-2.1332692412109693,-0.971025955220144,True,untested,0.375,moderate,-0.013,-1.6,0,unannotated,False,2.9083173103027424,0.5,2.181237982727057
SACM1L,Stim48hr,-2.0936984109987664,-0.923801478253174,True,untested,0.375,moderate,-0.009,-1.54,0,unannotated,False,2.8984246027496914,0.5,2.1738184520622683
ACOT7,Stim8hr,-2.01210125868748,-0.9611257728703484,True,untested,0.375,moderate,0.038,-0.63,0,unannotated,False,2.87802531467187,0.5,2.1585189860039025
TAF1,Rest,-2.5910354976027694,-0.21920829658087693,False,untested,0.75,not_in_atlas,0.063,-0.16,3,small-molecule,False,1.3977588744006924,0.8,2.157982986960623
UFC1,Rest,-2.0870828342911136,-0.6626452104578746,True,robust,0.375,concordant,0.062,-0.18,0,unannotated,False,3.8967707085727783,0.1,2.143223889715028
SLC1A6,Stim48hr,-2.4277844975983482,-0.5602538954876977,False,untested,0.375,not_in_atlas,0.18,2.06,3,small-molecule,False,1.2394461243995871,0.8,2.0155015119596285
RAB21,Stim8hr,-3.033130935889304,-0.9645032670625345,True,untested,0.75,concordant,0.096,0.47,0,unannotated,False,3.567032733972326,0.1,1.9618680036847793
ARL1,Rest,-2.9874402308467896,0.2670157045137959,True,untested,0.75,concordant,0.1,0.55,0,unannotated,False,3.5656100577116976,0.1,1.9610855317414337
STAT5A,Stim8hr,-2.4504633637405893,-0.5836648560494041,True,untested,0.375,concordant,0.033,-0.74,1,TF (hard),False,2.987615840935147,0.1,1.9431887125143312
SPEN,Rest,-2.0841409613947013,0.9733686248442773,True,untested,0.375,concordant,0.045,-0.5,1,TF (hard),False,2.8960352403486755,0.1,1.8928193821917718
RELL2,Stim8hr,-2.9756864040725173,0.7067903090098316,False,robust,0.5625,concordant,0.087,0.29,2,surface/antibody,False,2.342671601018129,0.1,1.8884693805599713
GJB2,Stim48hr,-2.212099701514055,-0.49124477874771466,False,untested,0.5,not_in_atlas,0.085,0.25,3,small-molecule,False,1.0842749253785138,0.8,1.8758474328406622
AQP11,Rest,-2.0274883455016894,-0.16096475549876219,False,untested,0.5,not_in_atlas,0.092,0.39,3,small-molecule,False,1.0556220863754224,0.8,1.85005987773788
ADRM1,Rest,-2.4937385060239876,-0.030035629615533892,True,untested,0.5,concordant,0.16,1.69,0,unannotated,False,3.334684626505997,0.1,1.8340765445782985
CMKLR1,Rest,-2.1026384487977805,0.3253395899763172,False,untested,0.5,not_in_atlas,0.041,-0.59,3,small-molecule,False,1.025659612199445,0.8,1.8230936509795006
TPT1,Rest,-2.859558482007655,-0.7396219428091229,False,robust,0.5625,moderate,0.089,0.34,0,unannotated,False,2.3198896205019137,0.5,1.7399172153764353
CX3CR1,Stim48hr,-2.2205907920118406,-0.7730379921047167,False,untested,0.375,not_in_atlas,0.036,-0.68,3,small-molecule,False,0.9301476980029602,0.8,1.737132928202664
TAF1,Stim8hr,-2.1420892280234023,-0.9250294289634315,False,untested,0.375,not_in_atlas,0.078,0.13,3,small-molecule,False,0.9267723070058506,0.8,1.7340950763052654
CCL22,Stim48hr,-2.46161834679329,-0.5014960109881975,False,untested,0.375,not_in_atlas,0.17,1.88,2,surface/antibody,False,1.2254045866983225,0.8,1.7028641280284904
IRF2BP2,Rest,-2.0293056077659437,-0.5277179561991998,True,untested,0.375,concordant,0.145,1.4,0,unannotated,False,3.0573264019414856,0.1,1.6815295210678172
C2CD5,Rest,-2.1637590037126397,-0.4269757249679752,True,untested,0.5,concordant,0.033,-0.72,0,unannotated,False,3.04093975092816,0.1,1.672516863010488
PRRC2C,Rest,-2.00948919747882,-0.3829406419048399,True,untested,0.5,concordant,0.068,-0.07,0,unannotated,False,3.002372299369705,0.1,1.6513047646533379
NCOR1,Stim8hr,-3.7458625202590814,-0.2782194697014634,False,robust,1.0,concordant,0.044,-0.53,0,unannotated,False,2.9364656300647702,0.1,1.6150560965356238
HNRNPA1,Rest,-2.229213476950565,0.308920972405601,False,robust,0.5,moderate,0.111,0.74,0,unannotated,False,2.1498033692376413,0.5,1.6123525269282308
SRRD,Stim48hr,-2.3180635762272987,0.42756275333373045,False,robust,0.5,moderate,0.089,0.33,0,unannotated,False,2.1207658940568246,0.5,1.5905744205426184
DNAJB9,Rest,-2.0563349123590124,-0.18279266863748522,False,robust,0.5,moderate,0.102,0.58,0,unannotated,False,2.086583728089753,0.5,1.5649377960673148
SLC25A27,Stim48hr,-2.3092229658789076,-0.10995916489581974,False,weak,0.5,concordant,0.083,0.21,3,small-molecule,False,1.103555741469727,0.1,1.5069556578083498
MAZ,Rest,-2.880651440100261,-0.9124907509282633,False,untested,0.5625,not_in_atlas,0.012,-1.14,1,TF (hard),False,1.2826628600250651,0.8,1.4543965740225586
DACT1,Stim8hr,-2.652859565944104,-0.10015473726325368,False,untested,0.75,not_in_atlas,0.146,1.42,0,unannotated,False,1.5907148914860259,0.8,1.4316434023374234
ZFP92,Stim8hr,-2.62352953657447,-0.5917211378433036,False,untested,0.5625,not_in_atlas,0.057,-0.27,1,TF (hard),False,1.2183823841436174,0.8,1.3965441457292558
VNN2,Rest,-2.0027118480163217,-0.808822348532138,False,untested,0.375,not_in_atlas,0.043,-0.54,2,surface/antibody,False,0.8756779620040804,0.8,1.3881101658036723
GLIS2,Stim48hr,-2.0588984102178345,-0.40074497260605163,False,untested,0.5,not_in_atlas,0.116,0.84,1,TF (hard),False,1.1197246025544585,0.8,1.3077521422990128
ZNF2,Stim8hr,-2.2912954650201267,-0.7758976392172326,False,untested,0.375,not_in_atlas,0.135,1.2,1,TF (hard),False,1.0978238662550317,0.8,1.2880414796295285
ALAS2,Stim48hr,-2.51999042739793,-0.44407836934211947,False,untested,0.75,not_in_atlas,0.065,-0.13,0,unannotated,False,1.3799976068494826,0.8,1.2419978461645345
TFEC,Stim8hr,-2.044264388808488,-0.2605626764322509,False,untested,0.5,not_in_atlas,0.077,0.11,1,TF (hard),False,1.0248160972021219,0.8,1.2223344874819098
MOB3C,Stim48hr,-2.3641809389048243,-0.4997400229533583,False,untested,0.5,not_in_atlas,0.165,1.77,0,unannotated,False,1.312295234726206,0.8,1.1810657112535854
HAS3,Stim8hr,-2.504334817129372,-0.8488303697576086,False,untested,0.5625,not_in_atlas,0.111,0.75,0,unannotated,False,1.282333704282343,0.8,1.1541003338541087
LMOD3,Rest,-2.7975459305702954,-0.900295258873405,False,untested,0.5625,not_in_atlas,-0.007,-1.48,0,unannotated,False,1.261886482642574,0.8,1.1356978343783166
NSD3,Stim48hr,-2.7815688807596723,-0.8477653980623936,False,untested,0.5625,not_in_atlas,0.03,-0.79,0,unannotated,False,1.257892220189918,0.8,1.1321029981709263
OVCA2,Stim48hr,-2.384689692967886,-0.3252652498193629,False,untested,0.5,not_in_atlas,0.134,1.19,0,unannotated,False,1.2449224232419713,0.8,1.1204301809177741
UNC5CL,Rest,-2.711736221046457,0.6817867074400609,False,untested,0.5625,not_in_atlas,0.067,-0.08,0,unannotated,False,1.2404340552616142,0.8,1.1163906497354528
ATL3,Rest,-2.058743554133618,0.48912328066981414,False,untested,0.5,not_in_atlas,0.165,1.78,0,unannotated,False,1.2371858885334044,0.8,1.113467299680064
RBM10,Rest,-2.0947137192230687,-0.12376418316470611,False,robust,0.5,concordant,0.054,-0.33,0,unannotated,False,2.0236784298057673,0.1,1.1130231363931722
GATA2,Stim48hr,-2.3336729398194866,-0.3354361490639137,False,untested,0.5,moderate,0.014,-1.09,1,TF (hard),False,1.0834182349548716,0.5,1.1125636762161537
ZNF440,Stim48hr,-2.007333559547935,-0.5306436416579291,False,untested,0.375,not_in_atlas,0.068,-0.06,1,TF (hard),False,0.8768333898869838,0.8,1.0891500508982854
ZC3H11A,Stim8hr,-2.519833862864756,-0.5935689499721061,False,untested,0.5625,not_in_atlas,0.069,-0.05,0,unannotated,False,1.192458465716189,0.8,1.0732126191445701
FKBP1B,Rest,-2.040962004469989,0.39384426913384585,False,untested,0.5,not_in_atlas,0.14,1.3,0,unannotated,False,1.1727405011174974,0.8,1.0554664510057477
BET1L,Stim48hr,-2.1958523750198498,0.2928391078109722,False,untested,0.5,not_in_atlas,0.118,0.88,0,unannotated,False,1.1589630937549626,0.8,1.0430667843794663
FKBP14,Rest,-2.1047559758178607,0.39566360910035503,False,untested,0.5,not_in_atlas,0.121,0.94,0,unannotated,False,1.1436889939544652,0.8,1.0293200945590186
LRRC42,Stim8hr,-2.4749688945692423,0.43010207901892533,False,untested,0.5,not_in_atlas,0.023,-0.93,0,unannotated,False,1.1187422236423106,0.8,1.0068680012780795
BFAR,Rest,-2.45727879619094,-0.38518847868848227,False,untested,0.5,not_in_atlas,-0.019,-1.72,0,unannotated,False,1.1143196990477349,0.8,1.0028877291429614
TCEANC,Stim8hr,-2.468017905960053,-0.9780097300653137,False,untested,0.375,not_in_atlas,0.119,0.9,0,unannotated,False,1.1045044764900132,0.8,0.9940540288410119
GLI2,Stim48hr,-2.1621306866376155,0.30259105444153084,False,untested,0.5,concordant,0.153,1.55,1,TF (hard),False,1.234282671659404,0.1,0.9788554694126723
PLXND1,Rest,-2.275225832738305,-0.36411289069661557,False,untested,0.5,not_in_atlas,0.021,-0.95,0,unannotated,False,1.0688064581845762,0.8,0.9619258123661186
CYB561A3,Stim8hr,-2.20213632128639,-0.3272421435098989,False,untested,0.5,not_in_atlas,0.017,-1.04,0,unannotated,False,1.0505340803215975,0.8,0.9454806722894378
SERPINB6,Rest,-2.1857442160431764,0.1110756874107442,False,untested,0.5,not_in_atlas,0.011,-1.15,0,unannotated,False,1.046436054010794,0.8,0.9417924486097146
ITIH4,Rest,-2.350711964990205,-0.9223650004765936,False,untested,0.375,not_in_atlas,0.106,0.66,0,unannotated,False,1.0451779912475512,0.8,0.9406601921227961
RNASE6,Rest,-2.0641031314464255,-0.6334124638503135,False,untested,0.375,not_in_atlas,0.133,1.16,0,unannotated,False,1.0360257828616064,0.8,0.9324232045754458
C9orf85,Rest,-2.098193676913095,-0.37342363681191737,False,untested,0.5,not_in_atlas,0.045,-0.5,0,unannotated,False,1.0245484192282737,0.8,0.9220935773054463
C15orf48,Rest,-2.0084649005880513,0.08503258369591976,False,untested,0.5,not_in_atlas,0.068,-0.06,0,unannotated,False,1.0021162251470128,0.8,0.9019046026323115
SAR1A,Stim8hr,-2.4048033196986225,-0.7034216944096179,False,untested,0.375,not_in_atlas,0.056,-0.3,0,unannotated,False,0.9762008299246556,0.8,0.8785807469321901
AOPEP,Stim8hr,-2.334070396129483,-0.8382206474598698,False,untested,0.375,not_in_atlas,0.051,-0.39,0,unannotated,False,0.9585175990323708,0.8,0.8626658391291337
ERRFI1,Rest,-2.3109721460121166,-0.8034570744235565,False,untested,0.375,not_in_atlas,0.037,-0.65,0,unannotated,False,0.9527430365030292,0.8,0.8574687328527263
LMOD3,Stim48hr,-2.006962815864758,-0.6135584471548661,False,untested,0.375,not_in_atlas,0.1,0.55,0,unannotated,False,0.9454907039661895,0.8,0.8509416335695705
B9D2,Stim8hr,-2.066046661554266,-0.9475571671738304,False,untested,0.375,not_in_atlas,0.094,0.43,0,unannotated,False,0.9452616653885665,0.8,0.8507354988497099
TF,Stim8hr,-2.2684093790181064,-0.8105711358821351,False,untested,0.375,not_in_atlas,0.008,-1.21,0,unannotated,False,0.9421023447545266,0.8,0.847892110279074
SH3BGRL2,Stim48hr,-2.190061951268845,-0.9943712889581259,False,untested,0.375,not_in_atlas,0.023,-0.92,0,unannotated,False,0.9225154878172113,0.8,0.8302639390354901
OLAH,Stim8hr,-2.150395791304956,-0.7212823661053536,False,untested,0.375,not_in_atlas,0.074,0.05,0,unannotated,False,0.9188489478262389,0.8,0.8269640530436151
UST,Rest,-2.168673097078314,0.6320690416240399,False,untested,0.375,not_in_atlas,0.058,-0.25,0,unannotated,False,0.9171682742695785,0.8,0.8254514468426206
SPDYE3,Rest,-2.1497039148930748,0.503005568396813,False,untested,0.375,not_in_atlas,0.062,-0.18,0,unannotated,False,0.9124259787232687,0.8,0.8211833808509419
ARHGAP24,Stim48hr,-2.104555144850042,-0.9375887975116045,False,untested,0.375,not_in_atlas,0.068,-0.07,0,unannotated,False,0.9011387862125105,0.8,0.8110249075912594
RPL36A-HNRNPH2,Stim8hr,-2.2758135101687085,0.08525872537662238,False,untested,0.5,moderate,0.044,-0.52,0,unannotated,False,1.0689533775421771,0.5,0.8017150331566328
LGALS2,Rest,-2.022181386990085,-0.8778665358760137,False,untested,0.375,not_in_atlas,0.042,-0.57,0,unannotated,False,0.8805453467475213,0.8,0.7924908120727692
AUP1,Rest,-2.219247474967329,-0.3816792680589056,False,untested,0.5,moderate,0.065,-0.12,0,unannotated,False,1.0548118687418322,0.5,0.7911089015563741
HYCC2,Rest,-2.005806934491042,-0.7720983255665124,False,untested,0.375,not_in_atlas,-0.012,-1.58,0,unannotated,False,0.8764517336227605,0.8,0.7888065602604845
LRRC42,Rest,-2.0009757034920024,-0.6841222327522103,False,untested,0.375,not_in_atlas,0.015,-1.07,0,unannotated,False,0.8752439258730006,0.8,0.7877195332857005
MUC3A,Stim8hr,-2.092947590492625,-0.964361282168904,False,untested,0.375,moderate,-0.044,-2.2,0,unannotated,False,0.8982368976231563,0.5,0.6736776732173673
RBM41,Stim8hr,-2.1872561498541825,-0.3247161976497325,False,untested,0.5,concordant,0.086,0.27,0,unannotated,False,1.0805640374635455,0.1,0.5943102206049501
TPPP,Rest,-2.2424382705709487,-0.41213293590506345,False,untested,0.5,concordant,-0.0,-1.36,0,unannotated,False,1.0606095676427372,0.1,0.5833352622035055
METTL8,Stim48hr,-2.170008976884291,0.03732369863151464,False,untested,0.5,concordant,0.05,-0.41,0,unannotated,False,1.0425022442210727,0.1,0.57337623432159
MLF1,Stim48hr,-2.2560735097897595,-0.9205933239580774,False,untested,0.375,concordant,0.071,-0.0,0,unannotated,False,0.9390183774474399,0.1,0.516460107596092
